"CP_CD","CDW_CD","RPRSNTV_SEXDSTN","AGE_FACTOR","BR_ACT","BR_JOJIK","N.Masked","Type1","Type2"
11,11010,1,"[0,30)",2,1,495,0,0
11,11010,1,"[0,30)",2,2,778,0,0
11,11010,1,"[30,40)",2,1,693,0,0
11,11010,1,"[30,40)",2,2,1218,0,0
11,11010,1,"[40,50)",2,1,544,0,0
11,11010,1,"[40,50)",2,2,923,0,0
11,11010,1,"[50,60)",2,1,325,0,0
11,11010,1,"[50,60)",2,2,587,0,0
11,11010,1,"[60,83]",2,1,1481,0,0
11,11010,1,"[60,83]",2,2,2428,0,0
11,11010,2,"[0,30)",2,1,159,0,0
11,11010,2,"[0,30)",2,2,300,0,0
11,11010,2,"[30,40)",2,1,266,0,0
11,11010,2,"[30,40)",2,2,405,0,0
11,11010,2,"[40,50)",2,1,190,0,0
11,11010,2,"[40,50)",2,2,308,0,0
11,11010,2,"[50,60)",2,1,116,0,0
11,11010,2,"[50,60)",2,2,240,0,0
11,11010,2,"[60,83]",2,1,523,0,0
11,11010,2,"[60,83]",2,2,842,0,0
11,11020,1,"[0,30)",1,1,446,0,0
11,11020,1,"[0,30)",1,2,810,0,0
11,11020,1,"[30,40)",1,1,733,0,0
11,11020,1,"[30,40)",1,2,1251,0,0
11,11020,1,"[40,50)",1,1,522,0,0
11,11020,1,"[40,50)",1,2,928,0,0
11,11020,1,"[50,60)",1,1,347,0,0
11,11020,1,"[50,60)",1,2,583,0,0
11,11020,1,"[60,83]",1,1,1462,0,0
11,11020,1,"[60,83]",1,2,2422,0,0
11,11020,2,"[0,30)",1,1,134,0,0
11,11020,2,"[0,30)",1,2,255,0,0
11,11020,2,"[30,40)",1,1,243,0,0
11,11020,2,"[30,40)",1,2,416,0,0
11,11020,2,"[40,50)",1,1,197,0,0
11,11020,2,"[40,50)",1,2,322,0,0
11,11020,2,"[50,60)",1,1,120,0,0
11,11020,2,"[50,60)",1,2,223,0,0
11,11020,2,"[60,83]",1,1,517,0,0
11,11020,2,"[60,83]",1,2,852,0,0
11,11030,1,"[0,30)",1,1,487,0,0
11,11030,1,"[0,30)",1,2,764,0,0
11,11030,1,"[30,40)",1,1,678,0,0
11,11030,1,"[30,40)",1,2,1172,0,0
11,11030,1,"[40,50)",1,1,567,0,0
11,11030,1,"[40,50)",1,2,940,0,0
11,11030,1,"[50,60)",1,1,373,0,0
11,11030,1,"[50,60)",1,2,637,0,0
11,11030,1,"[60,83]",1,1,1478,0,0
11,11030,1,"[60,83]",1,2,2422,0,0
11,11030,2,"[0,30)",1,1,157,0,0
11,11030,2,"[0,30)",1,2,241,0,0
11,11030,2,"[30,40)",1,1,266,0,0
11,11030,2,"[30,40)",1,2,404,0,0
11,11030,2,"[40,50)",1,1,190,0,0
11,11030,2,"[40,50)",1,2,300,0,0
11,11030,2,"[50,60)",1,1,123,0,0
11,11030,2,"[50,60)",1,2,198,0,0
11,11030,2,"[60,83]",1,1,511,0,0
11,11030,2,"[60,83]",1,2,848,0,0
11,11120,1,"[0,30)",1,1,485,0,0
11,11120,1,"[0,30)",1,2,761,0,0
11,11120,1,"[30,40)",1,1,706,0,0
11,11120,1,"[30,40)",1,2,1202,0,0
11,11120,1,"[40,50)",1,1,530,0,0
11,11120,1,"[40,50)",1,2,967,0,0
11,11120,1,"[50,60)",1,1,339,0,0
11,11120,1,"[50,60)",1,2,651,0,0
11,11120,1,"[60,83]",1,1,1455,0,0
11,11120,1,"[60,83]",1,2,2449,0,0
11,11120,2,"[0,30)",1,1,151,0,0
11,11120,2,"[0,30)",1,2,301,0,0
11,11120,2,"[30,40)",1,1,224,0,0
11,11120,2,"[30,40)",1,2,429,0,0
11,11120,2,"[40,50)",1,1,182,0,0
11,11120,2,"[40,50)",1,2,342,0,0
11,11120,2,"[50,60)",1,1,124,0,0
11,11120,2,"[50,60)",1,2,228,0,0
11,11120,2,"[60,83]",1,1,527,0,0
11,11120,2,"[60,83]",1,2,864,0,0
11,11140,1,"[0,30)",1,1,462,0,0
11,11140,1,"[0,30)",1,2,804,0,0
11,11140,1,"[0,30)",2,1,470,0,0
11,11140,1,"[0,30)",2,2,752,0,0
11,11140,1,"[30,40)",1,1,683,0,0
11,11140,1,"[30,40)",1,2,1213,0,0
11,11140,1,"[30,40)",2,1,661,0,0
11,11140,1,"[30,40)",2,2,1145,0,0
11,11140,1,"[40,50)",1,1,500,0,0
11,11140,1,"[40,50)",1,2,940,0,0
11,11140,1,"[40,50)",2,1,556,0,0
11,11140,1,"[40,50)",2,2,906,0,0
11,11140,1,"[50,60)",1,1,372,0,0
11,11140,1,"[50,60)",1,2,596,0,0
11,11140,1,"[50,60)",2,1,363,0,0
11,11140,1,"[50,60)",2,2,600,0,0
11,11140,1,"[60,83]",1,1,1464,0,0
11,11140,1,"[60,83]",1,2,2526,0,0
11,11140,1,"[60,83]",2,1,1486,0,0
11,11140,1,"[60,83]",2,2,2548,0,0
11,11140,2,"[0,30)",1,1,148,0,0
11,11140,2,"[0,30)",1,2,263,0,0
11,11140,2,"[0,30)",2,1,173,0,0
11,11140,2,"[0,30)",2,2,253,0,0
11,11140,2,"[30,40)",1,1,234,0,0
11,11140,2,"[30,40)",1,2,416,0,0
11,11140,2,"[30,40)",2,1,218,0,0
11,11140,2,"[30,40)",2,2,422,0,0
11,11140,2,"[40,50)",1,1,181,0,0
11,11140,2,"[40,50)",1,2,328,0,0
11,11140,2,"[40,50)",2,1,199,0,0
11,11140,2,"[40,50)",2,2,334,0,0
11,11140,2,"[50,60)",1,1,129,0,0
11,11140,2,"[50,60)",1,2,194,0,0
11,11140,2,"[50,60)",2,1,119,0,0
11,11140,2,"[50,60)",2,2,223,0,0
11,11140,2,"[60,83]",1,1,533,0,0
11,11140,2,"[60,83]",1,2,900,0,0
11,11140,2,"[60,83]",2,1,495,0,0
11,11140,2,"[60,83]",2,2,856,0,0
11,11220,1,"[0,30)",1,1,1368,0,0
11,11220,1,"[0,30)",1,2,2425,0,0
11,11220,1,"[30,40)",1,1,2145,0,0
11,11220,1,"[30,40)",1,2,3633,0,0
11,11220,1,"[40,50)",1,1,1639,0,0
11,11220,1,"[40,50)",1,2,2755,0,0
11,11220,1,"[50,60)",1,1,1096,0,0
11,11220,1,"[50,60)",1,2,1907,0,0
11,11220,1,"[60,83]",1,1,4343,0,0
11,11220,1,"[60,83]",1,2,7449,0,0
11,11220,2,"[0,30)",1,1,485,0,0
11,11220,2,"[0,30)",1,2,793,0,0
11,11220,2,"[30,40)",1,1,718,0,0
11,11220,2,"[30,40)",1,2,1247,0,0
11,11220,2,"[40,50)",1,1,569,0,0
11,11220,2,"[40,50)",1,2,955,0,0
11,11220,2,"[50,60)",1,1,370,0,0
11,11220,2,"[50,60)",1,2,602,0,0
11,11220,2,"[60,83]",1,1,1513,0,0
11,11220,2,"[60,83]",1,2,2614,0,0
11,11230,1,"[0,30)",1,1,1361,0,0
11,11230,1,"[0,30)",1,2,2306,0,0
11,11230,1,"[30,40)",1,1,2109,0,0
11,11230,1,"[30,40)",1,2,3636,0,0
11,11230,1,"[40,50)",1,1,1662,0,0
11,11230,1,"[40,50)",1,2,2810,0,0
11,11230,1,"[50,60)",1,1,1078,0,0
11,11230,1,"[50,60)",1,2,1850,0,0
11,11230,1,"[60,83]",1,1,4371,0,0
11,11230,1,"[60,83]",1,2,7368,0,0
11,11230,2,"[0,30)",1,1,472,0,0
11,11230,2,"[0,30)",1,2,816,0,0
11,11230,2,"[30,40)",1,1,733,0,0
11,11230,2,"[30,40)",1,2,1258,0,0
11,11230,2,"[40,50)",1,1,551,0,0
11,11230,2,"[40,50)",1,2,996,0,0
11,11230,2,"[50,60)",1,1,396,0,0
11,11230,2,"[50,60)",1,2,664,0,0
11,11230,2,"[60,83]",1,1,1466,0,0
11,11230,2,"[60,83]",1,2,2589,0,0
11,11240,1,"[0,30)",1,1,462,0,0
11,11240,1,"[0,30)",1,2,767,0,0
11,11240,1,"[0,30)",2,1,475,0,0
11,11240,1,"[0,30)",2,2,791,0,0
11,11240,1,"[30,40)",1,1,748,0,0
11,11240,1,"[30,40)",1,2,1254,0,0
11,11240,1,"[30,40)",2,1,717,0,0
11,11240,1,"[30,40)",2,2,1250,0,0
11,11240,1,"[40,50)",1,1,526,0,0
11,11240,1,"[40,50)",1,2,918,0,0
11,11240,1,"[40,50)",2,1,547,0,0
11,11240,1,"[40,50)",2,2,972,0,0
11,11240,1,"[50,60)",1,1,371,0,0
11,11240,1,"[50,60)",1,2,613,0,0
11,11240,1,"[50,60)",2,1,329,0,0
11,11240,1,"[50,60)",2,2,677,0,0
11,11240,1,"[60,83]",1,1,1361,0,0
11,11240,1,"[60,83]",1,2,2460,0,0
11,11240,1,"[60,83]",2,1,1445,0,0
11,11240,1,"[60,83]",2,2,2537,0,0
11,11240,2,"[0,30)",1,1,159,0,0
11,11240,2,"[0,30)",1,2,275,0,0
11,11240,2,"[0,30)",2,1,164,0,0
11,11240,2,"[0,30)",2,2,266,0,0
11,11240,2,"[30,40)",1,1,276,0,0
11,11240,2,"[30,40)",1,2,435,0,0
11,11240,2,"[30,40)",2,1,221,0,0
11,11240,2,"[30,40)",2,2,434,0,0
11,11240,2,"[40,50)",1,1,171,0,0
11,11240,2,"[40,50)",1,2,344,0,0
11,11240,2,"[40,50)",2,1,196,0,0
11,11240,2,"[40,50)",2,2,315,0,0
11,11240,2,"[50,60)",1,1,121,0,0
11,11240,2,"[50,60)",1,2,218,0,0
11,11240,2,"[50,60)",2,1,135,0,0
11,11240,2,"[50,60)",2,2,188,0,0
11,11240,2,"[60,83]",1,1,502,0,0
11,11240,2,"[60,83]",1,2,851,0,0
11,11240,2,"[60,83]",2,1,501,0,0
11,11240,2,"[60,83]",2,2,893,0,0
11,11250,1,"[0,30)",1,1,912,0,0
11,11250,1,"[0,30)",1,2,1583,0,0
11,11250,1,"[30,40)",1,1,1380,0,0
11,11250,1,"[30,40)",1,2,2447,0,0
11,11250,1,"[40,50)",1,1,1063,0,0
11,11250,1,"[40,50)",1,2,1947,0,0
11,11250,1,"[50,60)",1,1,738,0,0
11,11250,1,"[50,60)",1,2,1304,0,0
11,11250,1,"[60,83]",1,1,2859,0,0
11,11250,1,"[60,83]",1,2,5045,0,0
11,11250,2,"[0,30)",1,1,259,0,0
11,11250,2,"[0,30)",1,2,526,0,0
11,11250,2,"[30,40)",1,1,528,0,0
11,11250,2,"[30,40)",1,2,794,0,0
11,11250,2,"[40,50)",1,1,372,0,0
11,11250,2,"[40,50)",1,2,688,0,0
11,11250,2,"[50,60)",1,1,233,0,0
11,11250,2,"[50,60)",1,2,463,0,0
11,11250,2,"[60,83]",1,1,1071,0,0
11,11250,2,"[60,83]",1,2,1740,0,0
21,21050,1,"[0,30)",1,1,466,0,0
21,21050,1,"[0,30)",1,2,920,0,0
21,21050,1,"[30,40)",1,1,755,0,0
21,21050,1,"[30,40)",1,2,1264,0,0
21,21050,1,"[40,50)",1,1,636,0,0
21,21050,1,"[40,50)",1,2,1019,0,0
21,21050,1,"[50,60)",1,1,397,0,0
21,21050,1,"[50,60)",1,2,693,0,0
21,21050,1,"[60,83]",1,1,1514,0,0
21,21050,1,"[60,83]",1,2,2776,0,0
21,21050,2,"[0,30)",1,1,176,0,0
21,21050,2,"[0,30)",1,2,290,0,0
21,21050,2,"[30,40)",1,1,280,0,0
21,21050,2,"[30,40)",1,2,456,0,0
21,21050,2,"[40,50)",1,1,219,0,0
21,21050,2,"[40,50)",1,2,383,0,0
21,21050,2,"[50,60)",1,1,146,0,0
21,21050,2,"[50,60)",1,2,215,0,0
21,21050,2,"[60,83]",1,1,569,0,0
21,21050,2,"[60,83]",1,2,950,0,0
21,21100,1,"[0,30)",2,1,250,0,0
21,21100,1,"[0,30)",2,2,453,0,0
21,21100,1,"[30,40)",2,1,407,0,0
21,21100,1,"[30,40)",2,2,671,0,0
21,21100,1,"[40,50)",2,1,309,0,0
21,21100,1,"[40,50)",2,2,528,0,0
21,21100,1,"[50,60)",2,1,193,0,0
21,21100,1,"[50,60)",2,2,341,0,0
21,21100,1,"[60,83]",2,1,779,0,0
21,21100,1,"[60,83]",2,2,1356,0,0
21,21100,2,"[0,30)",2,1,93,0,0
21,21100,2,"[0,30)",2,2,139,0,0
21,21100,2,"[30,40)",2,1,136,0,0
21,21100,2,"[30,40)",2,2,202,0,0
21,21100,2,"[40,50)",2,1,121,0,0
21,21100,2,"[40,50)",2,2,198,0,0
21,21100,2,"[50,60)",2,1,61,0,0
21,21100,2,"[50,60)",2,2,122,0,0
21,21100,2,"[60,83]",2,1,302,0,0
21,21100,2,"[60,83]",2,2,453,0,0
21,21120,1,"[0,30)",1,1,276,0,0
21,21120,1,"[0,30)",1,2,422,0,0
21,21120,1,"[30,40)",1,1,377,0,0
21,21120,1,"[30,40)",1,2,637,0,0
21,21120,1,"[40,50)",1,1,279,0,0
21,21120,1,"[40,50)",1,2,508,0,0
21,21120,1,"[50,60)",1,1,215,0,0
21,21120,1,"[50,60)",1,2,360,0,0
21,21120,1,"[60,83]",1,1,802,0,0
21,21120,1,"[60,83]",1,2,1359,0,0
21,21120,2,"[0,30)",1,1,104,0,0
21,21120,2,"[0,30)",1,2,175,0,0
21,21120,2,"[30,40)",1,1,130,0,0
21,21120,2,"[30,40)",1,2,233,0,0
21,21120,2,"[40,50)",1,1,96,0,0
21,21120,2,"[40,50)",1,2,188,0,0
21,21120,2,"[50,60)",1,1,70,0,0
21,21120,2,"[50,60)",1,2,132,0,0
21,21120,2,"[60,83]",1,1,298,0,0
21,21120,2,"[60,83]",1,2,487,0,0
21,21130,1,"[0,30)",1,1,249,0,0
21,21130,1,"[0,30)",1,2,436,0,0
21,21130,1,"[30,40)",1,1,400,0,0
21,21130,1,"[30,40)",1,2,700,0,0
21,21130,1,"[40,50)",1,1,322,0,0
21,21130,1,"[40,50)",1,2,523,0,0
21,21130,1,"[50,60)",1,1,203,0,0
21,21130,1,"[50,60)",1,2,363,0,0
21,21130,1,"[60,83]",1,1,798,0,0
21,21130,1,"[60,83]",1,2,1402,0,0
21,21130,2,"[0,30)",1,1,90,0,0
21,21130,2,"[0,30)",1,2,143,0,0
21,21130,2,"[30,40)",1,1,143,0,0
21,21130,2,"[30,40)",1,2,215,0,0
21,21130,2,"[40,50)",1,1,101,0,0
21,21130,2,"[40,50)",1,2,163,0,0
21,21130,2,"[50,60)",1,1,64,0,0
21,21130,2,"[50,60)",1,2,131,0,0
21,21130,2,"[60,83]",1,1,244,0,0
21,21130,2,"[60,83]",1,2,462,0,0
21,21140,1,"[0,30)",2,1,243,0,0
21,21140,1,"[0,30)",2,2,419,0,0
21,21140,1,"[30,40)",2,1,411,0,0
21,21140,1,"[30,40)",2,2,683,0,0
21,21140,1,"[40,50)",2,1,318,0,0
21,21140,1,"[40,50)",2,2,523,0,0
21,21140,1,"[50,60)",2,1,190,0,0
21,21140,1,"[50,60)",2,2,365,0,0
21,21140,1,"[60,83]",2,1,805,0,0
21,21140,1,"[60,83]",2,2,1289,0,0
21,21140,2,"[0,30)",2,1,98,0,0
21,21140,2,"[0,30)",2,2,146,0,0
21,21140,2,"[30,40)",2,1,137,0,0
21,21140,2,"[30,40)",2,2,225,0,0
21,21140,2,"[40,50)",2,1,102,0,0
21,21140,2,"[40,50)",2,2,185,0,0
21,21140,2,"[50,60)",2,1,65,0,0
21,21140,2,"[50,60)",2,2,114,0,0
21,21140,2,"[60,83]",2,1,256,0,0
21,21140,2,"[60,83]",2,2,520,0,0
21,21310,1,"[0,30)",1,1,289,0,0
21,21310,1,"[0,30)",1,2,443,0,0
21,21310,1,"[30,40)",1,1,368,0,0
21,21310,1,"[30,40)",1,2,691,0,0
21,21310,1,"[40,50)",1,1,294,0,0
21,21310,1,"[40,50)",1,2,529,0,0
21,21310,1,"[50,60)",1,1,189,0,0
21,21310,1,"[50,60)",1,2,347,0,0
21,21310,1,"[60,83]",1,1,778,0,0
21,21310,1,"[60,83]",1,2,1405,0,0
21,21310,2,"[0,30)",1,1,84,0,0
21,21310,2,"[0,30)",1,2,122,0,0
21,21310,2,"[30,40)",1,1,143,0,0
21,21310,2,"[30,40)",1,2,220,0,0
21,21310,2,"[40,50)",1,1,105,0,0
21,21310,2,"[40,50)",1,2,182,0,0
21,21310,2,"[50,60)",1,1,54,0,0
21,21310,2,"[50,60)",1,2,134,0,0
21,21310,2,"[60,83]",1,1,263,0,0
21,21310,2,"[60,83]",1,2,511,0,0
22,22020,1,"[0,30)",1,1,53,0,0
22,22020,1,"[0,30)",1,2,101,0,0
22,22020,1,"[30,40)",1,1,86,0,0
22,22020,1,"[30,40)",1,2,143,0,0
22,22020,1,"[40,50)",1,1,60,0,0
22,22020,1,"[40,50)",1,2,101,0,0
22,22020,1,"[50,60)",1,1,39,0,1
22,22020,1,"[50,60)",1,2,57,0,0
22,22020,1,"[60,83]",1,1,171,0,0
22,22020,1,"[60,83]",1,2,300,0,0
22,22020,2,"[0,30)",1,1,13,0,0
22,22020,2,"[0,30)",1,2,37,0,0
22,22020,2,"[30,40)",1,1,28,0,0
22,22020,2,"[30,40)",1,2,51,0,0
22,22020,2,"[40,50)",1,1,27,0,0
22,22020,2,"[40,50)",1,2,42,1,0
22,22020,2,"[50,60)",1,1,21,0,0
22,22020,2,"[50,60)",1,2,35,0,0
22,22020,2,"[60,83]",1,1,69,0,0
22,22020,2,"[60,83]",1,2,123,0,0
22,22040,1,"[0,30)",2,1,54,0,0
22,22040,1,"[0,30)",2,2,99,0,0
22,22040,1,"[30,40)",2,1,83,0,0
22,22040,1,"[30,40)",2,2,129,0,0
22,22040,1,"[40,50)",2,1,58,0,1
22,22040,1,"[40,50)",2,2,121,0,0
22,22040,1,"[50,60)",2,1,51,0,1
22,22040,1,"[50,60)",2,2,79,0,0
22,22040,1,"[60,83]",2,1,194,0,0
22,22040,1,"[60,83]",2,2,278,0,0
22,22040,2,"[0,30)",2,1,21,0,0
22,22040,2,"[0,30)",2,2,30,0,1
22,22040,2,"[30,40)",2,1,28,0,0
22,22040,2,"[30,40)",2,2,47,0,1
22,22040,2,"[40,50)",2,1,22,0,0
22,22040,2,"[40,50)",2,2,46,0,0
22,22040,2,"[50,60)",2,1,23,0,0
22,22040,2,"[50,60)",2,2,19,0,0
22,22040,2,"[60,83]",2,1,73,0,0
22,22040,2,"[60,83]",2,2,101,0,0
22,22060,1,"[0,30)",1,1,52,0,1
22,22060,1,"[0,30)",1,2,85,0,0
22,22060,1,"[30,40)",1,1,78,0,0
22,22060,1,"[30,40)",1,2,125,0,0
22,22060,1,"[40,50)",1,1,65,0,0
22,22060,1,"[40,50)",1,2,119,0,0
22,22060,1,"[50,60)",1,1,50,0,0
22,22060,1,"[50,60)",1,2,92,0,0
22,22060,1,"[60,83]",1,1,152,0,0
22,22060,1,"[60,83]",1,2,286,0,0
22,22060,2,"[0,30)",1,1,24,0,0
22,22060,2,"[0,30)",1,2,20,0,0
22,22060,2,"[30,40)",1,1,26,0,0
22,22060,2,"[30,40)",1,2,41,0,0
22,22060,2,"[40,50)",1,1,23,0,0
22,22060,2,"[40,50)",1,2,41,0,0
22,22060,2,"[50,60)",1,1,15,0,0
22,22060,2,"[50,60)",1,2,26,0,0
22,22060,2,"[60,83]",1,1,66,0,0
22,22060,2,"[60,83]",1,2,116,0,0
22,22310,1,"[0,30)",1,1,57,0,0
22,22310,1,"[0,30)",1,2,83,0,0
22,22310,1,"[30,40)",1,1,103,0,0
22,22310,1,"[30,40)",1,2,174,0,0
22,22310,1,"[40,50)",1,1,76,0,0
22,22310,1,"[40,50)",1,2,125,0,0
22,22310,1,"[50,60)",1,1,38,0,1
22,22310,1,"[50,60)",1,2,60,0,0
22,22310,1,"[60,83]",1,1,201,0,0
22,22310,1,"[60,83]",1,2,321,0,0
22,22310,2,"[0,30)",1,1,22,0,0
22,22310,2,"[0,30)",1,2,38,0,1
22,22310,2,"[30,40)",1,1,27,0,0
22,22310,2,"[30,40)",1,2,65,0,0
22,22310,2,"[40,50)",1,1,21,0,0
22,22310,2,"[40,50)",1,2,41,0,1
22,22310,2,"[50,60)",1,1,16,0,0
22,22310,2,"[50,60)",1,2,18,0,0
22,22310,2,"[60,83]",1,1,66,0,0
22,22310,2,"[60,83]",1,2,102,0,0
23,23010,1,"[0,30)",1,1,128,0,0
23,23010,1,"[0,30)",1,2,212,0,0
23,23010,1,"[30,40)",1,1,218,0,0
23,23010,1,"[30,40)",1,2,337,0,0
23,23010,1,"[40,50)",1,1,171,0,0
23,23010,1,"[40,50)",1,2,254,0,0
23,23010,1,"[50,60)",1,1,85,0,0
23,23010,1,"[50,60)",1,2,189,0,0
23,23010,1,"[60,83]",1,1,407,0,0
23,23010,1,"[60,83]",1,2,692,0,0
23,23010,2,"[0,30)",1,1,52,0,0
23,23010,2,"[0,30)",1,2,80,0,0
23,23010,2,"[30,40)",1,1,74,0,1
23,23010,2,"[30,40)",1,2,106,0,0
23,23010,2,"[40,50)",1,1,51,0,0
23,23010,2,"[40,50)",1,2,110,0,0
23,23010,2,"[50,60)",1,1,29,0,0
23,23010,2,"[50,60)",1,2,66,0,0
23,23010,2,"[60,83]",1,1,138,0,0
23,23010,2,"[60,83]",1,2,213,0,0
23,23050,1,"[0,30)",1,1,149,0,0
23,23050,1,"[0,30)",1,2,234,0,0
23,23050,1,"[30,40)",1,1,204,0,0
23,23050,1,"[30,40)",1,2,368,0,0
23,23050,1,"[40,50)",1,1,144,0,0
23,23050,1,"[40,50)",1,2,280,0,0
23,23050,1,"[50,60)",1,1,119,0,0
23,23050,1,"[50,60)",1,2,179,0,0
23,23050,1,"[60,83]",1,1,437,0,0
23,23050,1,"[60,83]",1,2,728,0,0
23,23050,2,"[0,30)",1,1,46,0,0
23,23050,2,"[0,30)",1,2,73,0,0
23,23050,2,"[30,40)",1,1,69,0,0
23,23050,2,"[30,40)",1,2,121,0,0
23,23050,2,"[40,50)",1,1,48,0,0
23,23050,2,"[40,50)",1,2,90,0,0
23,23050,2,"[50,60)",1,1,36,0,0
23,23050,2,"[50,60)",1,2,71,0,0
23,23050,2,"[60,83]",1,1,156,0,0
23,23050,2,"[60,83]",1,2,243,0,0
23,23060,1,"[0,30)",3,1,133,0,0
23,23060,1,"[0,30)",3,2,226,0,0
23,23060,1,"[30,40)",3,1,217,0,0
23,23060,1,"[30,40)",3,2,349,0,0
23,23060,1,"[40,50)",3,1,171,0,0
23,23060,1,"[40,50)",3,2,298,0,0
23,23060,1,"[50,60)",3,1,134,0,0
23,23060,1,"[50,60)",3,2,174,0,0
23,23060,1,"[60,83]",3,1,420,0,0
23,23060,1,"[60,83]",3,2,714,0,0
23,23060,2,"[0,30)",3,1,45,0,1
23,23060,2,"[0,30)",3,2,88,0,0
23,23060,2,"[30,40)",3,1,79,0,0
23,23060,2,"[30,40)",3,2,130,0,0
23,23060,2,"[40,50)",3,1,57,0,0
23,23060,2,"[40,50)",3,2,97,0,0
23,23060,2,"[50,60)",3,1,46,0,0
23,23060,2,"[50,60)",3,2,64,0,0
23,23060,2,"[60,83]",3,1,169,0,0
23,23060,2,"[60,83]",3,2,255,0,0
23,23070,1,"[0,30)",1,1,119,0,0
23,23070,1,"[0,30)",1,2,233,0,0
23,23070,1,"[30,40)",1,1,208,0,0
23,23070,1,"[30,40)",1,2,351,0,0
23,23070,1,"[40,50)",1,1,143,0,0
23,23070,1,"[40,50)",1,2,247,0,0
23,23070,1,"[50,60)",1,1,108,0,0
23,23070,1,"[50,60)",1,2,198,0,0
23,23070,1,"[60,83]",1,1,431,0,0
23,23070,1,"[60,83]",1,2,760,0,0
23,23070,2,"[0,30)",1,1,34,1,0
23,23070,2,"[0,30)",1,2,77,0,0
23,23070,2,"[30,40)",1,1,70,0,0
23,23070,2,"[30,40)",1,2,160,0,0
23,23070,2,"[40,50)",1,1,58,0,1
23,23070,2,"[40,50)",1,2,96,0,0
23,23070,2,"[50,60)",1,1,47,0,1
23,23070,2,"[50,60)",1,2,65,0,0
23,23070,2,"[60,83]",1,1,134,0,0
23,23070,2,"[60,83]",1,2,265,0,0
23,23080,1,"[0,30)",2,1,125,0,0
23,23080,1,"[0,30)",2,2,234,0,0
23,23080,1,"[30,40)",2,1,213,0,0
23,23080,1,"[30,40)",2,2,378,0,0
23,23080,1,"[40,50)",2,1,157,0,0
23,23080,1,"[40,50)",2,2,268,0,0
23,23080,1,"[50,60)",2,1,109,0,0
23,23080,1,"[50,60)",2,2,213,0,0
23,23080,1,"[60,83]",2,1,405,0,0
23,23080,1,"[60,83]",2,2,722,0,0
23,23080,2,"[0,30)",2,1,49,0,0
23,23080,2,"[0,30)",2,2,79,0,0
23,23080,2,"[30,40)",2,1,77,0,0
23,23080,2,"[30,40)",2,2,136,0,0
23,23080,2,"[40,50)",2,1,65,0,1
23,23080,2,"[40,50)",2,2,99,0,0
23,23080,2,"[50,60)",2,1,50,0,1
23,23080,2,"[50,60)",2,2,56,0,0
23,23080,2,"[60,83]",2,1,142,0,0
23,23080,2,"[60,83]",2,2,266,0,0
23,23310,1,"[0,30)",1,1,131,0,0
23,23310,1,"[0,30)",1,2,237,0,0
23,23310,1,"[30,40)",1,1,217,0,0
23,23310,1,"[30,40)",1,2,343,0,0
23,23310,1,"[40,50)",1,1,155,0,0
23,23310,1,"[40,50)",1,2,283,0,0
23,23310,1,"[50,60)",1,1,103,0,0
23,23310,1,"[50,60)",1,2,202,0,0
23,23310,1,"[60,83]",1,1,419,0,0
23,23310,1,"[60,83]",1,2,703,0,0
23,23310,2,"[0,30)",1,1,38,0,0
23,23310,2,"[0,30)",1,2,81,0,0
23,23310,2,"[30,40)",1,1,65,0,0
23,23310,2,"[30,40)",1,2,123,0,0
23,23310,2,"[40,50)",1,1,68,0,0
23,23310,2,"[40,50)",1,2,101,0,0
23,23310,2,"[50,60)",1,1,40,0,0
23,23310,2,"[50,60)",1,2,61,0,0
23,23310,2,"[60,83]",1,1,142,0,0
23,23310,2,"[60,83]",1,2,236,0,0
24,24040,1,"[0,30)",1,1,107,0,0
24,24040,1,"[0,30)",1,2,203,0,0
24,24040,1,"[30,40)",1,1,170,0,0
24,24040,1,"[30,40)",1,2,307,0,0
24,24040,1,"[40,50)",1,1,136,0,0
24,24040,1,"[40,50)",1,2,224,0,0
24,24040,1,"[50,60)",1,1,82,0,0
24,24040,1,"[50,60)",1,2,159,0,0
24,24040,1,"[60,83]",1,1,363,0,0
24,24040,1,"[60,83]",1,2,626,0,0
24,24040,2,"[0,30)",1,1,39,0,0
24,24040,2,"[0,30)",1,2,86,0,0
24,24040,2,"[30,40)",1,1,49,0,0
24,24040,2,"[30,40)",1,2,105,0,0
24,24040,2,"[40,50)",1,1,36,0,0
24,24040,2,"[40,50)",1,2,91,0,0
24,24040,2,"[50,60)",1,1,34,0,0
24,24040,2,"[50,60)",1,2,53,0,0
24,24040,2,"[60,83]",1,1,122,0,0
24,24040,2,"[60,83]",1,2,219,0,0
24,24050,1,"[0,30)",2,1,122,0,0
24,24050,1,"[0,30)",2,2,196,0,0
24,24050,1,"[30,40)",2,1,194,0,0
24,24050,1,"[30,40)",2,2,334,0,0
24,24050,1,"[40,50)",2,1,118,0,0
24,24050,1,"[40,50)",2,2,220,0,0
24,24050,1,"[50,60)",2,1,102,0,0
24,24050,1,"[50,60)",2,2,150,0,0
24,24050,1,"[60,83]",2,1,346,0,0
24,24050,1,"[60,83]",2,2,618,0,0
24,24050,2,"[0,30)",2,1,45,0,0
24,24050,2,"[0,30)",2,2,64,0,0
24,24050,2,"[30,40)",2,1,57,0,0
24,24050,2,"[30,40)",2,2,105,0,0
24,24050,2,"[40,50)",2,1,37,0,1
24,24050,2,"[40,50)",2,2,85,0,0
24,24050,2,"[50,60)",2,1,30,0,0
24,24050,2,"[50,60)",2,2,51,0,0
24,24050,2,"[60,83]",2,1,136,0,0
24,24050,2,"[60,83]",2,2,194,0,0
25,25020,1,"[0,30)",3,1,168,0,0
25,25020,1,"[0,30)",3,2,287,0,0
25,25020,1,"[30,40)",3,1,265,0,0
25,25020,1,"[30,40)",3,2,444,0,0
25,25020,1,"[40,50)",3,1,192,0,0
25,25020,1,"[40,50)",3,2,338,0,0
25,25020,1,"[50,60)",3,1,144,0,0
25,25020,1,"[50,60)",3,2,219,0,0
25,25020,1,"[60,83]",3,1,550,0,0
25,25020,1,"[60,83]",3,2,915,0,0
25,25020,2,"[0,30)",3,1,64,0,0
25,25020,2,"[0,30)",3,2,83,0,0
25,25020,2,"[30,40)",3,1,69,0,0
25,25020,2,"[30,40)",3,2,191,0,0
25,25020,2,"[40,50)",3,1,70,0,0
25,25020,2,"[40,50)",3,2,112,0,0
25,25020,2,"[50,60)",3,1,49,1,0
25,25020,2,"[50,60)",3,2,79,0,0
25,25020,2,"[60,83]",3,1,191,0,0
25,25020,2,"[60,83]",3,2,301,0,0
25,25030,1,"[0,30)",1,1,308,0,0
25,25030,1,"[0,30)",1,2,537,0,0
25,25030,1,"[30,40)",1,1,513,0,0
25,25030,1,"[30,40)",1,2,919,0,0
25,25030,1,"[40,50)",1,1,380,0,0
25,25030,1,"[40,50)",1,2,676,0,0
25,25030,1,"[50,60)",1,1,271,0,0
25,25030,1,"[50,60)",1,2,403,0,0
25,25030,1,"[60,83]",1,1,1043,0,0
25,25030,1,"[60,83]",1,2,1810,0,0
25,25030,2,"[0,30)",1,1,100,0,0
25,25030,2,"[0,30)",1,2,207,0,0
25,25030,2,"[30,40)",1,1,189,0,0
25,25030,2,"[30,40)",1,2,301,0,0
25,25030,2,"[40,50)",1,1,135,0,0
25,25030,2,"[40,50)",1,2,225,0,0
25,25030,2,"[50,60)",1,1,98,0,0
25,25030,2,"[50,60)",1,2,169,0,0
25,25030,2,"[60,83]",1,1,338,0,0
25,25030,2,"[60,83]",1,2,640,0,0
25,25040,1,"[0,30)",1,1,342,0,0
25,25040,1,"[0,30)",1,2,598,0,0
25,25040,1,"[30,40)",1,1,545,0,0
25,25040,1,"[30,40)",1,2,886,0,0
25,25040,1,"[40,50)",1,1,387,0,0
25,25040,1,"[40,50)",1,2,698,0,0
25,25040,1,"[50,60)",1,1,264,0,0
25,25040,1,"[50,60)",1,2,426,0,0
25,25040,1,"[60,83]",1,1,1040,0,0
25,25040,1,"[60,83]",1,2,1839,0,0
25,25040,2,"[0,30)",1,1,113,0,0
25,25040,2,"[0,30)",1,2,216,0,0
25,25040,2,"[30,40)",1,1,166,0,0
25,25040,2,"[30,40)",1,2,272,0,0
25,25040,2,"[40,50)",1,1,137,0,1
25,25040,2,"[40,50)",1,2,242,0,0
25,25040,2,"[50,60)",1,1,69,0,0
25,25040,2,"[50,60)",1,2,153,0,1
25,25040,2,"[60,83]",1,1,366,0,0
25,25040,2,"[60,83]",1,2,661,0,0
25,25050,1,"[0,30)",3,1,160,0,0
25,25050,1,"[0,30)",3,2,266,0,0
25,25050,1,"[30,40)",3,1,241,0,0
25,25050,1,"[30,40)",3,2,469,0,0
25,25050,1,"[40,50)",3,1,200,0,0
25,25050,1,"[40,50)",3,2,342,0,0
25,25050,1,"[50,60)",3,1,131,0,0
25,25050,1,"[50,60)",3,2,247,0,0
25,25050,1,"[60,83]",3,1,520,0,0
25,25050,1,"[60,83]",3,2,832,0,0
25,25050,2,"[0,30)",3,1,52,0,0
25,25050,2,"[0,30)",3,2,78,0,0
25,25050,2,"[30,40)",3,1,86,0,0
25,25050,2,"[30,40)",3,2,129,0,0
25,25050,2,"[40,50)",3,1,69,0,0
25,25050,2,"[40,50)",3,2,109,0,0
25,25050,2,"[50,60)",3,1,42,0,0
25,25050,2,"[50,60)",3,2,66,0,0
25,25050,2,"[60,83]",3,1,180,0,0
25,25050,2,"[60,83]",3,2,317,0,0
26,26010,1,"[0,30)",1,1,262,0,0
26,26010,1,"[0,30)",1,2,457,0,0
26,26010,1,"[30,40)",1,1,437,0,0
26,26010,1,"[30,40)",1,2,772,0,0
26,26010,1,"[40,50)",1,1,326,0,0
26,26010,1,"[40,50)",1,2,568,0,0
26,26010,1,"[50,60)",1,1,202,0,0
26,26010,1,"[50,60)",1,2,414,0,0
26,26010,1,"[60,83]",1,1,880,0,0
26,26010,1,"[60,83]",1,2,1462,0,0
26,26010,2,"[0,30)",1,1,95,0,0
26,26010,2,"[0,30)",1,2,177,0,0
26,26010,2,"[30,40)",1,1,160,0,0
26,26010,2,"[30,40)",1,2,289,0,0
26,26010,2,"[40,50)",1,1,136,0,0
26,26010,2,"[40,50)",1,2,216,0,0
26,26010,2,"[50,60)",1,1,84,0,0
26,26010,2,"[50,60)",1,2,115,0,0
26,26010,2,"[60,83]",1,1,280,0,0
26,26010,2,"[60,83]",1,2,510,0,0
26,26310,1,"[0,30)",3,1,282,0,0
26,26310,1,"[0,30)",3,2,426,0,0
26,26310,1,"[30,40)",3,1,409,0,0
26,26310,1,"[30,40)",3,2,755,0,0
26,26310,1,"[40,50)",3,1,372,0,0
26,26310,1,"[40,50)",3,2,529,0,0
26,26310,1,"[50,60)",3,1,232,0,0
26,26310,1,"[50,60)",3,2,351,0,0
26,26310,1,"[60,83]",3,1,870,0,0
26,26310,1,"[60,83]",3,2,1453,0,0
26,26310,2,"[0,30)",3,1,85,0,0
26,26310,2,"[0,30)",3,2,160,0,0
26,26310,2,"[30,40)",3,1,128,0,0
26,26310,2,"[30,40)",3,2,262,0,0
26,26310,2,"[40,50)",3,1,112,0,0
26,26310,2,"[40,50)",3,2,203,0,0
26,26310,2,"[50,60)",3,1,87,0,0
26,26310,2,"[50,60)",3,2,138,0,0
26,26310,2,"[60,83]",3,1,291,0,0
26,26310,2,"[60,83]",3,2,544,0,0
31,31012,1,"[0,30)",1,1,291,0,0
31,31012,1,"[0,30)",1,2,530,0,0
31,31012,1,"[30,40)",1,1,458,0,0
31,31012,1,"[30,40)",1,2,792,0,0
31,31012,1,"[40,50)",1,1,351,0,0
31,31012,1,"[40,50)",1,2,606,0,0
31,31012,1,"[50,60)",1,1,265,0,0
31,31012,1,"[50,60)",1,2,426,0,0
31,31012,1,"[60,83]",1,1,974,0,0
31,31012,1,"[60,83]",1,2,1642,0,0
31,31012,2,"[0,30)",1,1,96,0,0
31,31012,2,"[0,30)",1,2,168,0,0
31,31012,2,"[30,40)",1,1,159,0,0
31,31012,2,"[30,40)",1,2,270,0,0
31,31012,2,"[40,50)",1,1,114,0,0
31,31012,2,"[40,50)",1,2,219,0,0
31,31012,2,"[50,60)",1,1,72,0,0
31,31012,2,"[50,60)",1,2,130,0,0
31,31012,2,"[60,83]",1,1,346,0,0
31,31012,2,"[60,83]",1,2,561,0,0
31,31014,1,"[0,30)",1,1,301,0,0
31,31014,1,"[0,30)",1,2,518,0,0
31,31014,1,"[30,40)",1,1,480,0,0
31,31014,1,"[30,40)",1,2,797,0,0
31,31014,1,"[40,50)",1,1,339,0,0
31,31014,1,"[40,50)",1,2,664,0,0
31,31014,1,"[50,60)",1,1,246,0,0
31,31014,1,"[50,60)",1,2,403,0,0
31,31014,1,"[60,83]",1,1,954,0,0
31,31014,1,"[60,83]",1,2,1601,0,0
31,31014,2,"[0,30)",1,1,101,0,0
31,31014,2,"[0,30)",1,2,198,0,0
31,31014,2,"[30,40)",1,1,160,0,0
31,31014,2,"[30,40)",1,2,279,0,0
31,31014,2,"[40,50)",1,1,120,0,0
31,31014,2,"[40,50)",1,2,233,0,0
31,31014,2,"[50,60)",1,1,89,0,0
31,31014,2,"[50,60)",1,2,134,0,0
31,31014,2,"[60,83]",1,1,338,0,0
31,31014,2,"[60,83]",1,2,558,0,0
31,31023,1,"[0,30)",1,1,315,0,0
31,31023,1,"[0,30)",1,2,531,0,0
31,31023,1,"[30,40)",1,1,463,0,0
31,31023,1,"[30,40)",1,2,819,0,0
31,31023,1,"[40,50)",1,1,365,0,0
31,31023,1,"[40,50)",1,2,638,0,0
31,31023,1,"[50,60)",1,1,238,0,0
31,31023,1,"[50,60)",1,2,424,0,0
31,31023,1,"[60,83]",1,1,930,0,0
31,31023,1,"[60,83]",1,2,1649,0,0
31,31023,2,"[0,30)",1,1,97,0,0
31,31023,2,"[0,30)",1,2,189,0,0
31,31023,2,"[30,40)",1,1,160,0,0
31,31023,2,"[30,40)",1,2,276,0,0
31,31023,2,"[40,50)",1,1,124,0,0
31,31023,2,"[40,50)",1,2,213,0,0
31,31023,2,"[50,60)",1,1,83,0,0
31,31023,2,"[50,60)",1,2,140,0,0
31,31023,2,"[60,83]",1,1,322,0,0
31,31023,2,"[60,83]",1,2,559,0,0
31,31030,1,"[0,30)",1,1,270,0,0
31,31030,1,"[0,30)",1,2,526,0,0
31,31030,1,"[30,40)",1,1,486,0,0
31,31030,1,"[30,40)",1,2,789,0,0
31,31030,1,"[40,50)",1,1,344,0,0
31,31030,1,"[40,50)",1,2,599,0,0
31,31030,1,"[50,60)",1,1,217,0,0
31,31030,1,"[50,60)",1,2,400,0,0
31,31030,1,"[60,83]",1,1,973,0,0
31,31030,1,"[60,83]",1,2,1598,0,0
31,31030,2,"[0,30)",1,1,102,0,0
31,31030,2,"[0,30)",1,2,179,0,0
31,31030,2,"[30,40)",1,1,144,0,0
31,31030,2,"[30,40)",1,2,274,0,0
31,31030,2,"[40,50)",1,1,118,0,0
31,31030,2,"[40,50)",1,2,189,0,0
31,31030,2,"[50,60)",1,1,88,0,0
31,31030,2,"[50,60)",1,2,152,0,0
31,31030,2,"[60,83]",1,1,327,0,0
31,31030,2,"[60,83]",1,2,550,0,0
31,31050,1,"[0,30)",2,1,317,0,0
31,31050,1,"[0,30)",2,2,491,0,0
31,31050,1,"[30,40)",2,1,476,0,0
31,31050,1,"[30,40)",2,2,757,0,0
31,31050,1,"[40,50)",2,1,391,0,0
31,31050,1,"[40,50)",2,2,628,0,0
31,31050,1,"[50,60)",2,1,267,0,0
31,31050,1,"[50,60)",2,2,412,0,0
31,31050,1,"[60,83]",2,1,920,0,0
31,31050,1,"[60,83]",2,2,1674,0,0
31,31050,2,"[0,30)",2,1,117,0,0
31,31050,2,"[0,30)",2,2,191,0,0
31,31050,2,"[30,40)",2,1,158,0,0
31,31050,2,"[30,40)",2,2,270,0,0
31,31050,2,"[40,50)",2,1,129,0,0
31,31050,2,"[40,50)",2,2,196,0,0
31,31050,2,"[50,60)",2,1,88,0,0
31,31050,2,"[50,60)",2,2,135,0,0
31,31050,2,"[60,83]",2,1,340,0,0
31,31050,2,"[60,83]",2,2,612,0,0
31,31070,1,"[0,30)",1,1,296,0,0
31,31070,1,"[0,30)",1,2,492,0,0
31,31070,1,"[0,30)",3,1,326,0,0
31,31070,1,"[0,30)",3,2,516,0,0
31,31070,1,"[30,40)",1,1,476,0,0
31,31070,1,"[30,40)",1,2,846,0,0
31,31070,1,"[30,40)",3,1,466,0,0
31,31070,1,"[30,40)",3,2,846,0,0
31,31070,1,"[40,50)",1,1,344,0,0
31,31070,1,"[40,50)",1,2,613,0,0
31,31070,1,"[40,50)",3,1,344,0,0
31,31070,1,"[40,50)",3,2,588,0,0
31,31070,1,"[50,60)",1,1,239,0,0
31,31070,1,"[50,60)",1,2,393,0,0
31,31070,1,"[50,60)",3,1,225,0,0
31,31070,1,"[50,60)",3,2,426,0,0
31,31070,1,"[60,83]",1,1,937,0,0
31,31070,1,"[60,83]",1,2,1660,0,0
31,31070,1,"[60,83]",3,1,939,0,0
31,31070,1,"[60,83]",3,2,1648,0,0
31,31070,2,"[0,30)",1,1,93,0,0
31,31070,2,"[0,30)",1,2,175,0,0
31,31070,2,"[0,30)",3,1,115,0,0
31,31070,2,"[0,30)",3,2,151,0,0
31,31070,2,"[30,40)",1,1,166,0,0
31,31070,2,"[30,40)",1,2,287,0,0
31,31070,2,"[30,40)",3,1,158,0,0
31,31070,2,"[30,40)",3,2,294,0,0
31,31070,2,"[40,50)",1,1,138,0,0
31,31070,2,"[40,50)",1,2,211,0,0
31,31070,2,"[40,50)",3,1,121,0,0
31,31070,2,"[40,50)",3,2,219,0,0
31,31070,2,"[50,60)",1,1,97,0,0
31,31070,2,"[50,60)",1,2,152,0,0
31,31070,2,"[50,60)",3,1,83,0,0
31,31070,2,"[50,60)",3,2,140,0,0
31,31070,2,"[60,83]",1,1,326,0,0
31,31070,2,"[60,83]",1,2,589,0,0
31,31070,2,"[60,83]",3,1,333,0,0
31,31070,2,"[60,83]",3,2,569,0,0
31,31091,1,"[0,30)",1,1,582,0,0
31,31091,1,"[0,30)",1,2,1050,0,0
31,31091,1,"[30,40)",1,1,1001,0,0
31,31091,1,"[30,40)",1,2,1560,0,0
31,31091,1,"[40,50)",1,1,738,0,0
31,31091,1,"[40,50)",1,2,1286,0,0
31,31091,1,"[50,60)",1,1,502,0,0
31,31091,1,"[50,60)",1,2,865,0,0
31,31091,1,"[60,83]",1,1,1795,0,0
31,31091,1,"[60,83]",1,2,3285,0,0
31,31091,2,"[0,30)",1,1,224,0,0
31,31091,2,"[0,30)",1,2,366,0,0
31,31091,2,"[30,40)",1,1,314,0,0
31,31091,2,"[30,40)",1,2,570,0,0
31,31091,2,"[40,50)",1,1,243,0,0
31,31091,2,"[40,50)",1,2,420,0,0
31,31091,2,"[50,60)",1,1,169,0,0
31,31091,2,"[50,60)",1,2,288,0,0
31,31091,2,"[60,83]",1,1,714,0,0
31,31091,2,"[60,83]",1,2,1161,0,0
31,31092,1,"[0,30)",1,1,592,0,0
31,31092,1,"[0,30)",1,2,1046,0,0
31,31092,1,"[30,40)",1,1,988,0,0
31,31092,1,"[30,40)",1,2,1684,0,0
31,31092,1,"[40,50)",1,1,764,0,0
31,31092,1,"[40,50)",1,2,1362,0,0
31,31092,1,"[50,60)",1,1,504,0,0
31,31092,1,"[50,60)",1,2,817,0,0
31,31092,1,"[60,83]",1,1,1967,0,0
31,31092,1,"[60,83]",1,2,3157,0,0
31,31092,2,"[0,30)",1,1,214,0,0
31,31092,2,"[0,30)",1,2,348,0,0
31,31092,2,"[30,40)",1,1,347,0,0
31,31092,2,"[30,40)",1,2,530,0,0
31,31092,2,"[40,50)",1,1,289,0,0
31,31092,2,"[40,50)",1,2,411,0,0
31,31092,2,"[50,60)",1,1,170,0,0
31,31092,2,"[50,60)",1,2,285,0,0
31,31092,2,"[60,83]",1,1,674,0,0
31,31092,2,"[60,83]",1,2,1148,0,0
31,31101,1,"[0,30)",1,1,284,0,0
31,31101,1,"[0,30)",1,2,510,0,0
31,31101,1,"[30,40)",1,1,468,0,0
31,31101,1,"[30,40)",1,2,814,0,0
31,31101,1,"[40,50)",1,1,367,0,0
31,31101,1,"[40,50)",1,2,599,0,0
31,31101,1,"[50,60)",1,1,229,0,0
31,31101,1,"[50,60)",1,2,382,0,0
31,31101,1,"[60,83]",1,1,959,0,0
31,31101,1,"[60,83]",1,2,1635,0,0
31,31101,2,"[0,30)",1,1,94,0,0
31,31101,2,"[0,30)",1,2,181,0,0
31,31101,2,"[30,40)",1,1,169,0,0
31,31101,2,"[30,40)",1,2,275,0,0
31,31101,2,"[40,50)",1,1,129,0,0
31,31101,2,"[40,50)",1,2,218,0,0
31,31101,2,"[50,60)",1,1,87,0,0
31,31101,2,"[50,60)",1,2,155,0,0
31,31101,2,"[60,83]",1,1,309,0,0
31,31101,2,"[60,83]",1,2,583,0,0
31,31104,1,"[0,30)",1,1,283,0,0
31,31104,1,"[0,30)",1,2,504,0,0
31,31104,1,"[0,30)",3,1,627,0,0
31,31104,1,"[0,30)",3,2,1059,0,0
31,31104,1,"[30,40)",1,1,461,0,0
31,31104,1,"[30,40)",1,2,809,0,0
31,31104,1,"[30,40)",3,1,990,0,0
31,31104,1,"[30,40)",3,2,1625,0,0
31,31104,1,"[40,50)",1,1,343,0,0
31,31104,1,"[40,50)",1,2,604,0,0
31,31104,1,"[40,50)",3,1,751,0,0
31,31104,1,"[40,50)",3,2,1221,0,0
31,31104,1,"[50,60)",1,1,220,0,0
31,31104,1,"[50,60)",1,2,376,0,0
31,31104,1,"[50,60)",3,1,466,0,0
31,31104,1,"[50,60)",3,2,855,0,0
31,31104,1,"[60,83]",1,1,942,0,0
31,31104,1,"[60,83]",1,2,1606,0,0
31,31104,1,"[60,83]",3,1,2002,0,0
31,31104,1,"[60,83]",3,2,3363,0,0
31,31104,2,"[0,30)",1,1,101,0,0
31,31104,2,"[0,30)",1,2,200,0,0
31,31104,2,"[0,30)",3,1,238,0,0
31,31104,2,"[0,30)",3,2,388,0,0
31,31104,2,"[30,40)",1,1,168,0,0
31,31104,2,"[30,40)",1,2,277,0,0
31,31104,2,"[30,40)",3,1,320,0,0
31,31104,2,"[30,40)",3,2,569,0,0
31,31104,2,"[40,50)",1,1,129,0,0
31,31104,2,"[40,50)",1,2,218,0,0
31,31104,2,"[40,50)",3,1,257,0,0
31,31104,2,"[40,50)",3,2,437,0,0
31,31104,2,"[50,60)",1,1,79,0,0
31,31104,2,"[50,60)",1,2,140,0,0
31,31104,2,"[50,60)",3,1,181,0,0
31,31104,2,"[50,60)",3,2,275,0,0
31,31104,2,"[60,83]",1,1,317,0,0
31,31104,2,"[60,83]",1,2,558,0,0
31,31104,2,"[60,83]",3,1,624,0,0
31,31104,2,"[60,83]",3,2,1209,0,0
31,31130,1,"[0,30)",2,1,291,0,0
31,31130,1,"[0,30)",2,2,526,0,0
31,31130,1,"[30,40)",2,1,475,0,0
31,31130,1,"[30,40)",2,2,822,0,0
31,31130,1,"[40,50)",2,1,404,0,0
31,31130,1,"[40,50)",2,2,607,0,0
31,31130,1,"[50,60)",2,1,239,0,0
31,31130,1,"[50,60)",2,2,401,0,0
31,31130,1,"[60,83]",2,1,975,0,0
31,31130,1,"[60,83]",2,2,1607,0,0
31,31130,2,"[0,30)",2,1,98,0,0
31,31130,2,"[0,30)",2,2,189,0,0
31,31130,2,"[30,40)",2,1,165,0,0
31,31130,2,"[30,40)",2,2,285,0,0
31,31130,2,"[40,50)",2,1,130,0,0
31,31130,2,"[40,50)",2,2,191,0,0
31,31130,2,"[50,60)",2,1,70,0,0
31,31130,2,"[50,60)",2,2,148,0,0
31,31130,2,"[60,83]",2,1,369,0,0
31,31130,2,"[60,83]",2,2,540,0,0
31,31160,1,"[0,30)",1,1,597,0,0
31,31160,1,"[0,30)",1,2,1038,0,0
31,31160,1,"[30,40)",1,1,922,0,0
31,31160,1,"[30,40)",1,2,1585,0,0
31,31160,1,"[40,50)",1,1,683,0,0
31,31160,1,"[40,50)",1,2,1217,0,0
31,31160,1,"[50,60)",1,1,474,0,0
31,31160,1,"[50,60)",1,2,801,0,0
31,31160,1,"[60,83]",1,1,1895,0,0
31,31160,1,"[60,83]",1,2,3342,0,0
31,31160,2,"[0,30)",1,1,198,0,0
31,31160,2,"[0,30)",1,2,390,0,0
31,31160,2,"[30,40)",1,1,302,0,0
31,31160,2,"[30,40)",1,2,561,0,0
31,31160,2,"[40,50)",1,1,246,0,0
31,31160,2,"[40,50)",1,2,436,0,0
31,31160,2,"[50,60)",1,1,173,0,1
31,31160,2,"[50,60)",1,2,282,0,0
31,31160,2,"[60,83]",1,1,665,0,0
31,31160,2,"[60,83]",1,2,1056,0,0
31,31191,1,"[0,30)",1,1,295,0,0
31,31191,1,"[0,30)",1,2,517,0,0
31,31191,1,"[30,40)",1,1,470,0,0
31,31191,1,"[30,40)",1,2,837,0,0
31,31191,1,"[40,50)",1,1,371,0,0
31,31191,1,"[40,50)",1,2,590,0,0
31,31191,1,"[50,60)",1,1,261,0,0
31,31191,1,"[50,60)",1,2,407,0,0
31,31191,1,"[60,83]",1,1,926,0,0
31,31191,1,"[60,83]",1,2,1592,0,0
31,31191,2,"[0,30)",1,1,101,0,0
31,31191,2,"[0,30)",1,2,165,0,0
31,31191,2,"[30,40)",1,1,157,0,0
31,31191,2,"[30,40)",1,2,271,0,0
31,31191,2,"[40,50)",1,1,141,0,0
31,31191,2,"[40,50)",1,2,195,0,0
31,31191,2,"[50,60)",1,1,73,0,0
31,31191,2,"[50,60)",1,2,160,0,0
31,31191,2,"[60,83]",1,1,324,0,0
31,31191,2,"[60,83]",1,2,581,0,0
31,31192,1,"[0,30)",1,1,322,0,0
31,31192,1,"[0,30)",1,2,529,0,0
31,31192,1,"[30,40)",1,1,471,0,0
31,31192,1,"[30,40)",1,2,841,0,0
31,31192,1,"[40,50)",1,1,365,0,0
31,31192,1,"[40,50)",1,2,655,0,0
31,31192,1,"[50,60)",1,1,245,0,0
31,31192,1,"[50,60)",1,2,422,0,0
31,31192,1,"[60,83]",1,1,921,0,0
31,31192,1,"[60,83]",1,2,1675,0,0
31,31192,2,"[0,30)",1,1,110,0,0
31,31192,2,"[0,30)",1,2,187,0,0
31,31192,2,"[30,40)",1,1,170,0,0
31,31192,2,"[30,40)",1,2,301,0,0
31,31192,2,"[40,50)",1,1,133,0,0
31,31192,2,"[40,50)",1,2,203,0,0
31,31192,2,"[50,60)",1,1,79,0,0
31,31192,2,"[50,60)",1,2,155,0,0
31,31192,2,"[60,83]",1,1,358,0,0
31,31192,2,"[60,83]",1,2,592,0,0
31,31230,1,"[0,30)",1,1,325,0,0
31,31230,1,"[0,30)",1,2,504,0,0
31,31230,1,"[30,40)",1,1,495,0,0
31,31230,1,"[30,40)",1,2,835,0,0
31,31230,1,"[40,50)",1,1,351,0,0
31,31230,1,"[40,50)",1,2,613,0,0
31,31230,1,"[50,60)",1,1,219,0,0
31,31230,1,"[50,60)",1,2,394,0,0
31,31230,1,"[60,83]",1,1,965,0,0
31,31230,1,"[60,83]",1,2,1575,0,0
31,31230,2,"[0,30)",1,1,100,0,0
31,31230,2,"[0,30)",1,2,170,0,0
31,31230,2,"[30,40)",1,1,159,0,0
31,31230,2,"[30,40)",1,2,257,0,0
31,31230,2,"[40,50)",1,1,123,0,0
31,31230,2,"[40,50)",1,2,216,0,0
31,31230,2,"[50,60)",1,1,92,0,0
31,31230,2,"[50,60)",1,2,150,0,0
31,31230,2,"[60,83]",1,1,329,0,0
31,31230,2,"[60,83]",1,2,539,0,0
31,31240,1,"[0,30)",1,1,891,0,0
31,31240,1,"[0,30)",1,2,1536,0,0
31,31240,1,"[30,40)",1,1,1420,0,0
31,31240,1,"[30,40)",1,2,2392,0,0
31,31240,1,"[40,50)",1,1,1060,0,0
31,31240,1,"[40,50)",1,2,1891,0,0
31,31240,1,"[50,60)",1,1,741,0,0
31,31240,1,"[50,60)",1,2,1295,0,0
31,31240,1,"[60,83]",1,1,2890,0,0
31,31240,1,"[60,83]",1,2,4952,0,0
31,31240,2,"[0,30)",1,1,311,0,1
31,31240,2,"[0,30)",1,2,506,0,0
31,31240,2,"[30,40)",1,1,482,0,0
31,31240,2,"[30,40)",1,2,823,0,0
31,31240,2,"[40,50)",1,1,380,0,0
31,31240,2,"[40,50)",1,2,652,0,0
31,31240,2,"[50,60)",1,1,268,0,0
31,31240,2,"[50,60)",1,2,397,0,0
31,31240,2,"[60,83]",1,1,984,0,0
31,31240,2,"[60,83]",1,2,1715,0,0
31,31270,1,"[0,30)",2,1,291,0,0
31,31270,1,"[0,30)",2,2,510,0,0
31,31270,1,"[30,40)",2,1,475,0,0
31,31270,1,"[30,40)",2,2,789,0,0
31,31270,1,"[40,50)",2,1,397,0,0
31,31270,1,"[40,50)",2,2,625,0,0
31,31270,1,"[50,60)",2,1,261,0,0
31,31270,1,"[50,60)",2,2,370,0,0
31,31270,1,"[60,83]",2,1,969,0,0
31,31270,1,"[60,83]",2,2,1625,0,0
31,31270,2,"[0,30)",2,1,104,0,0
31,31270,2,"[0,30)",2,2,161,0,0
31,31270,2,"[30,40)",2,1,142,0,0
31,31270,2,"[30,40)",2,2,278,0,0
31,31270,2,"[40,50)",2,1,132,0,0
31,31270,2,"[40,50)",2,2,237,0,0
31,31270,2,"[50,60)",2,1,86,0,0
31,31270,2,"[50,60)",2,2,149,0,0
31,31270,2,"[60,83]",2,1,325,0,0
31,31270,2,"[60,83]",2,2,555,0,0
31,31380,1,"[0,30)",1,1,308,0,0
31,31380,1,"[0,30)",1,2,557,0,0
31,31380,1,"[30,40)",1,1,466,0,0
31,31380,1,"[30,40)",1,2,767,0,0
31,31380,1,"[40,50)",1,1,374,0,0
31,31380,1,"[40,50)",1,2,608,0,0
31,31380,1,"[50,60)",1,1,226,0,0
31,31380,1,"[50,60)",1,2,410,0,0
31,31380,1,"[60,83]",1,1,945,0,0
31,31380,1,"[60,83]",1,2,1671,0,0
31,31380,2,"[0,30)",1,1,96,0,0
31,31380,2,"[0,30)",1,2,176,0,0
31,31380,2,"[30,40)",1,1,174,0,0
31,31380,2,"[30,40)",1,2,278,0,0
31,31380,2,"[40,50)",1,1,126,0,0
31,31380,2,"[40,50)",1,2,210,0,0
31,31380,2,"[50,60)",1,1,74,0,0
31,31380,2,"[50,60)",1,2,141,0,0
31,31380,2,"[60,83]",1,1,393,0,0
31,31380,2,"[60,83]",1,2,578,0,0
32,32020,1,"[0,30)",1,1,1145,0,0
32,32020,1,"[0,30)",1,2,1862,0,0
32,32020,1,"[30,40)",1,1,1664,0,0
32,32020,1,"[30,40)",1,2,2790,0,0
32,32020,1,"[40,50)",1,1,1299,0,0
32,32020,1,"[40,50)",1,2,2149,0,0
32,32020,1,"[50,60)",1,1,892,0,0
32,32020,1,"[50,60)",1,2,1539,0,0
32,32020,1,"[60,83]",1,1,3292,0,0
32,32020,1,"[60,83]",1,2,5868,0,0
32,32020,2,"[0,30)",1,1,381,0,0
32,32020,2,"[0,30)",1,2,684,0,0
32,32020,2,"[30,40)",1,1,614,0,0
32,32020,2,"[30,40)",1,2,975,0,0
32,32020,2,"[40,50)",1,1,488,0,0
32,32020,2,"[40,50)",1,2,789,0,0
32,32020,2,"[50,60)",1,1,293,0,0
32,32020,2,"[50,60)",1,2,499,0,0
32,32020,2,"[60,83]",1,1,1187,0,0
32,32020,2,"[60,83]",1,2,2049,0,0
32,32040,1,"[0,30)",1,1,1019,0,0
32,32040,1,"[0,30)",1,2,1859,0,0
32,32040,1,"[30,40)",1,1,1739,0,0
32,32040,1,"[30,40)",1,2,2857,0,0
32,32040,1,"[40,50)",1,1,1237,0,0
32,32040,1,"[40,50)",1,2,2251,0,0
32,32040,1,"[50,60)",1,1,850,0,0
32,32040,1,"[50,60)",1,2,1463,0,0
32,32040,1,"[60,83]",1,1,3359,0,0
32,32040,1,"[60,83]",1,2,5907,0,0
32,32040,2,"[0,30)",1,1,353,0,0
32,32040,2,"[0,30)",1,2,622,0,0
32,32040,2,"[30,40)",1,1,614,0,0
32,32040,2,"[30,40)",1,2,953,0,0
32,32040,2,"[40,50)",1,1,450,0,0
32,32040,2,"[40,50)",1,2,771,0,0
32,32040,2,"[50,60)",1,1,292,0,0
32,32040,2,"[50,60)",1,2,502,0,0
32,32040,2,"[60,83]",1,1,1205,0,0
32,32040,2,"[60,83]",1,2,1967,0,0
32,32310,1,"[0,30)",1,1,1097,0,0
32,32310,1,"[0,30)",1,2,1843,0,0
32,32310,1,"[30,40)",1,1,1733,0,0
32,32310,1,"[30,40)",1,2,2952,0,0
32,32310,1,"[40,50)",1,1,1292,0,0
32,32310,1,"[40,50)",1,2,2190,0,0
32,32310,1,"[50,60)",1,1,872,0,0
32,32310,1,"[50,60)",1,2,1509,0,0
32,32310,1,"[60,83]",1,1,3405,0,0
32,32310,1,"[60,83]",1,2,5881,0,0
32,32310,2,"[0,30)",1,1,403,0,0
32,32310,2,"[0,30)",1,2,638,0,0
32,32310,2,"[30,40)",1,1,616,0,0
32,32310,2,"[30,40)",1,2,976,0,0
32,32310,2,"[40,50)",1,1,444,0,0
32,32310,2,"[40,50)",1,2,756,0,0
32,32310,2,"[50,60)",1,1,309,0,0
32,32310,2,"[50,60)",1,2,528,0,0
32,32310,2,"[60,83]",1,1,1215,0,0
32,32310,2,"[60,83]",1,2,2027,0,0
32,32360,1,"[0,30)",1,1,1081,0,0
32,32360,1,"[0,30)",1,2,1828,0,0
32,32360,1,"[30,40)",1,1,1651,0,0
32,32360,1,"[30,40)",1,2,2849,0,0
32,32360,1,"[40,50)",1,1,1377,0,0
32,32360,1,"[40,50)",1,2,2201,0,0
32,32360,1,"[50,60)",1,1,890,0,0
32,32360,1,"[50,60)",1,2,1523,0,0
32,32360,1,"[60,83]",1,1,3427,0,0
32,32360,1,"[60,83]",1,2,5871,0,0
32,32360,2,"[0,30)",1,1,386,0,0
32,32360,2,"[0,30)",1,2,655,0,0
32,32360,2,"[30,40)",1,1,593,0,0
32,32360,2,"[30,40)",1,2,1050,0,0
32,32360,2,"[40,50)",1,1,423,0,0
32,32360,2,"[40,50)",1,2,740,0,0
32,32360,2,"[50,60)",1,1,273,0,0
32,32360,2,"[50,60)",1,2,559,0,0
32,32360,2,"[60,83]",1,1,1184,0,0
32,32360,2,"[60,83]",1,2,2030,0,0
32,32390,1,"[0,30)",1,1,1117,0,0
32,32390,1,"[0,30)",1,2,1833,0,0
32,32390,1,"[30,40)",1,1,1648,0,0
32,32390,1,"[30,40)",1,2,2881,0,0
32,32390,1,"[40,50)",1,1,1255,0,0
32,32390,1,"[40,50)",1,2,2228,0,0
32,32390,1,"[50,60)",1,1,871,0,0
32,32390,1,"[50,60)",1,2,1500,0,0
32,32390,1,"[60,83]",1,1,3492,0,0
32,32390,1,"[60,83]",1,2,5787,0,0
32,32390,2,"[0,30)",1,1,388,0,0
32,32390,2,"[0,30)",1,2,599,0,0
32,32390,2,"[30,40)",1,1,576,0,0
32,32390,2,"[30,40)",1,2,1003,0,0
32,32390,2,"[40,50)",1,1,418,0,0
32,32390,2,"[40,50)",1,2,774,0,0
32,32390,2,"[50,60)",1,1,293,0,0
32,32390,2,"[50,60)",1,2,533,0,0
32,32390,2,"[60,83]",1,1,1192,0,0
32,32390,2,"[60,83]",1,2,2030,0,0
33,33030,1,"[0,30)",3,1,323,0,0
33,33030,1,"[0,30)",3,2,594,0,0
33,33030,1,"[30,40)",3,1,521,0,0
33,33030,1,"[30,40)",3,2,936,0,0
33,33030,1,"[40,50)",3,1,432,0,0
33,33030,1,"[40,50)",3,2,706,0,0
33,33030,1,"[50,60)",3,1,300,0,0
33,33030,1,"[50,60)",3,2,509,0,0
33,33030,1,"[60,83]",3,1,1044,0,0
33,33030,1,"[60,83]",3,2,1888,0,0
33,33030,2,"[0,30)",3,1,125,0,0
33,33030,2,"[0,30)",3,2,214,0,0
33,33030,2,"[30,40)",3,1,175,0,0
33,33030,2,"[30,40)",3,2,318,0,0
33,33030,2,"[40,50)",3,1,157,0,0
33,33030,2,"[40,50)",3,2,248,0,0
33,33030,2,"[50,60)",3,1,116,0,0
33,33030,2,"[50,60)",3,2,192,0,0
33,33030,2,"[60,83]",3,1,379,0,0
33,33030,2,"[60,83]",3,2,590,0,0
33,33042,1,"[0,30)",1,1,342,0,0
33,33042,1,"[0,30)",1,2,595,0,0
33,33042,1,"[30,40)",1,1,510,0,0
33,33042,1,"[30,40)",1,2,892,0,0
33,33042,1,"[40,50)",1,1,423,0,0
33,33042,1,"[40,50)",1,2,721,0,0
33,33042,1,"[50,60)",1,1,272,0,0
33,33042,1,"[50,60)",1,2,468,0,0
33,33042,1,"[60,83]",1,1,1108,0,0
33,33042,1,"[60,83]",1,2,1893,0,0
33,33042,2,"[0,30)",1,1,126,0,0
33,33042,2,"[0,30)",1,2,217,0,0
33,33042,2,"[30,40)",1,1,215,0,0
33,33042,2,"[30,40)",1,2,333,0,0
33,33042,2,"[40,50)",1,1,154,0,0
33,33042,2,"[40,50)",1,2,269,0,0
33,33042,2,"[50,60)",1,1,91,0,0
33,33042,2,"[50,60)",1,2,171,0,0
33,33042,2,"[60,83]",1,1,403,0,0
33,33042,2,"[60,83]",1,2,641,0,0
33,33044,1,"[0,30)",1,1,334,0,0
33,33044,1,"[0,30)",1,2,594,0,0
33,33044,1,"[30,40)",1,1,539,0,0
33,33044,1,"[30,40)",1,2,967,0,0
33,33044,1,"[40,50)",1,1,427,0,0
33,33044,1,"[40,50)",1,2,744,0,0
33,33044,1,"[50,60)",1,1,273,0,0
33,33044,1,"[50,60)",1,2,497,0,0
33,33044,1,"[60,83]",1,1,1091,0,0
33,33044,1,"[60,83]",1,2,1877,0,0
33,33044,2,"[0,30)",1,1,131,0,0
33,33044,2,"[0,30)",1,2,197,0,0
33,33044,2,"[30,40)",1,1,173,0,0
33,33044,2,"[30,40)",1,2,295,0,0
33,33044,2,"[40,50)",1,1,138,0,0
33,33044,2,"[40,50)",1,2,239,0,0
33,33044,2,"[50,60)",1,1,93,0,0
33,33044,2,"[50,60)",1,2,157,0,0
33,33044,2,"[60,83]",1,1,377,0,0
33,33044,2,"[60,83]",1,2,646,0,0
34,34340,1,"[0,30)",1,1,102,0,0
34,34340,1,"[0,30)",1,2,135,0,0
34,34340,1,"[30,40)",1,1,146,0,0
34,34340,1,"[30,40)",1,2,224,0,0
34,34340,1,"[40,50)",1,1,98,0,0
34,34340,1,"[40,50)",1,2,200,0,0
34,34340,1,"[50,60)",1,1,60,0,0
34,34340,1,"[50,60)",1,2,127,0,0
34,34340,1,"[60,83]",1,1,292,0,0
34,34340,1,"[60,83]",1,2,472,0,0
34,34340,2,"[0,30)",1,1,35,1,0
34,34340,2,"[0,30)",1,2,44,0,1
34,34340,2,"[30,40)",1,1,38,0,0
34,34340,2,"[30,40)",1,2,83,0,0
34,34340,2,"[40,50)",1,1,46,0,0
34,34340,2,"[40,50)",1,2,59,0,1
34,34340,2,"[50,60)",1,1,20,0,1
34,34340,2,"[50,60)",1,2,41,0,0
34,34340,2,"[60,83]",1,1,85,0,0
34,34340,2,"[60,83]",1,2,167,0,0
35,35011,1,"[0,30)",2,1,493,0,0
35,35011,1,"[0,30)",2,2,847,0,0
35,35011,1,"[30,40)",2,1,730,0,0
35,35011,1,"[30,40)",2,2,1366,0,0
35,35011,1,"[40,50)",2,1,659,0,0
35,35011,1,"[40,50)",2,2,992,0,0
35,35011,1,"[50,60)",2,1,348,0,0
35,35011,1,"[50,60)",2,2,649,0,0
35,35011,1,"[60,83]",2,1,1421,0,0
35,35011,1,"[60,83]",2,2,2611,0,0
35,35011,2,"[0,30)",2,1,163,0,0
35,35011,2,"[0,30)",2,2,287,0,0
35,35011,2,"[30,40)",2,1,268,0,0
35,35011,2,"[30,40)",2,2,427,0,0
35,35011,2,"[40,50)",2,1,195,0,0
35,35011,2,"[40,50)",2,2,317,0,0
35,35011,2,"[50,60)",2,1,126,0,0
35,35011,2,"[50,60)",2,2,221,0,0
35,35011,2,"[60,83]",2,1,546,0,0
35,35011,2,"[60,83]",2,2,926,0,0
35,35012,1,"[0,30)",1,1,471,0,0
35,35012,1,"[0,30)",1,2,839,0,0
35,35012,1,"[30,40)",1,1,730,0,0
35,35012,1,"[30,40)",1,2,1276,0,0
35,35012,1,"[40,50)",1,1,549,0,0
35,35012,1,"[40,50)",1,2,997,0,0
35,35012,1,"[50,60)",1,1,373,0,0
35,35012,1,"[50,60)",1,2,601,0,0
35,35012,1,"[60,83]",1,1,1490,0,0
35,35012,1,"[60,83]",1,2,2636,0,0
35,35012,2,"[0,30)",1,1,156,0,0
35,35012,2,"[0,30)",1,2,274,0,0
35,35012,2,"[30,40)",1,1,275,0,0
35,35012,2,"[30,40)",1,2,429,0,0
35,35012,2,"[40,50)",1,1,188,0,0
35,35012,2,"[40,50)",1,2,347,0,0
35,35012,2,"[50,60)",1,1,129,0,0
35,35012,2,"[50,60)",1,2,225,0,0
35,35012,2,"[60,83]",1,1,557,0,0
35,35012,2,"[60,83]",1,2,941,0,0
35,35030,1,"[0,30)",1,1,470,0,0
35,35030,1,"[0,30)",1,2,791,0,0
35,35030,1,"[30,40)",1,1,698,0,0
35,35030,1,"[30,40)",1,2,1290,0,0
35,35030,1,"[40,50)",1,1,598,0,0
35,35030,1,"[40,50)",1,2,960,0,0
35,35030,1,"[50,60)",1,1,401,0,0
35,35030,1,"[50,60)",1,2,648,0,0
35,35030,1,"[60,83]",1,1,1454,0,0
35,35030,1,"[60,83]",1,2,2557,0,0
35,35030,2,"[0,30)",1,1,189,0,0
35,35030,2,"[0,30)",1,2,274,0,0
35,35030,2,"[30,40)",1,1,273,0,0
35,35030,2,"[30,40)",1,2,426,0,0
35,35030,2,"[40,50)",1,1,175,0,0
35,35030,2,"[40,50)",1,2,345,0,0
35,35030,2,"[50,60)",1,1,131,0,0
35,35030,2,"[50,60)",1,2,250,0,0
35,35030,2,"[60,83]",1,1,519,0,0
35,35030,2,"[60,83]",1,2,894,0,0
35,35060,1,"[0,30)",3,1,465,0,0
35,35060,1,"[0,30)",3,2,785,0,0
35,35060,1,"[30,40)",3,1,714,0,0
35,35060,1,"[30,40)",3,2,1287,0,0
35,35060,1,"[40,50)",3,1,594,0,0
35,35060,1,"[40,50)",3,2,1011,0,0
35,35060,1,"[50,60)",3,1,393,0,0
35,35060,1,"[50,60)",3,2,643,0,0
35,35060,1,"[60,83]",3,1,1566,0,0
35,35060,1,"[60,83]",3,2,2599,0,0
35,35060,2,"[0,30)",3,1,156,0,0
35,35060,2,"[0,30)",3,2,320,0,0
35,35060,2,"[30,40)",3,1,276,0,0
35,35060,2,"[30,40)",3,2,425,0,0
35,35060,2,"[40,50)",3,1,202,0,0
35,35060,2,"[40,50)",3,2,331,0,0
35,35060,2,"[50,60)",3,1,121,0,0
35,35060,2,"[50,60)",3,2,221,0,0
35,35060,2,"[60,83]",3,1,530,0,0
35,35060,2,"[60,83]",3,2,931,0,0
35,35310,1,"[0,30)",3,1,503,0,0
35,35310,1,"[0,30)",3,2,828,0,0
35,35310,1,"[30,40)",3,1,744,0,0
35,35310,1,"[30,40)",3,2,1283,0,0
35,35310,1,"[40,50)",3,1,592,0,0
35,35310,1,"[40,50)",3,2,992,0,0
35,35310,1,"[50,60)",3,1,372,0,0
35,35310,1,"[50,60)",3,2,659,0,0
35,35310,1,"[60,83]",3,1,1565,0,0
35,35310,1,"[60,83]",3,2,2649,0,0
35,35310,2,"[0,30)",3,1,163,0,0
35,35310,2,"[0,30)",3,2,262,0,0
35,35310,2,"[30,40)",3,1,269,0,0
35,35310,2,"[30,40)",3,2,430,0,0
35,35310,2,"[40,50)",3,1,192,0,0
35,35310,2,"[40,50)",3,2,336,0,0
35,35310,2,"[50,60)",3,1,127,0,0
35,35310,2,"[50,60)",3,2,221,0,0
35,35310,2,"[60,83]",3,1,560,0,0
35,35310,2,"[60,83]",3,2,903,0,0
35,35370,1,"[0,30)",3,1,492,0,0
35,35370,1,"[0,30)",3,2,788,0,0
35,35370,1,"[30,40)",3,1,770,0,0
35,35370,1,"[30,40)",3,2,1327,0,0
35,35370,1,"[40,50)",3,1,588,0,0
35,35370,1,"[40,50)",3,2,990,0,0
35,35370,1,"[50,60)",3,1,408,0,0
35,35370,1,"[50,60)",3,2,657,0,0
35,35370,1,"[60,83]",3,1,1559,0,0
35,35370,1,"[60,83]",3,2,2619,0,0
35,35370,2,"[0,30)",3,1,144,0,0
35,35370,2,"[0,30)",3,2,286,0,0
35,35370,2,"[30,40)",3,1,274,0,0
35,35370,2,"[30,40)",3,2,449,0,0
35,35370,2,"[40,50)",3,1,196,0,0
35,35370,2,"[40,50)",3,2,335,0,0
35,35370,2,"[50,60)",3,1,134,0,0
35,35370,2,"[50,60)",3,2,195,0,0
35,35370,2,"[60,83]",3,1,526,0,0
35,35370,2,"[60,83]",3,2,882,0,0
36,36020,1,"[0,30)",1,1,675,0,0
36,36020,1,"[0,30)",1,2,1133,0,0
36,36020,1,"[0,30)",3,1,659,0,0
36,36020,1,"[0,30)",3,2,1086,0,0
36,36020,1,"[30,40)",1,1,1005,0,0
36,36020,1,"[30,40)",1,2,1754,0,0
36,36020,1,"[30,40)",3,1,1044,0,0
36,36020,1,"[30,40)",3,2,1775,0,0
36,36020,1,"[40,50)",1,1,798,0,0
36,36020,1,"[40,50)",1,2,1336,0,0
36,36020,1,"[40,50)",3,1,763,0,0
36,36020,1,"[40,50)",3,2,1388,0,0
36,36020,1,"[50,60)",1,1,519,0,0
36,36020,1,"[50,60)",1,2,926,0,0
36,36020,1,"[50,60)",3,1,541,0,0
36,36020,1,"[50,60)",3,2,931,0,0
36,36020,1,"[60,83]",1,1,2106,0,0
36,36020,1,"[60,83]",1,2,3610,0,0
36,36020,1,"[60,83]",3,1,2166,0,0
36,36020,1,"[60,83]",3,2,3661,0,0
36,36020,2,"[0,30)",1,1,209,0,0
36,36020,2,"[0,30)",1,2,337,0,0
36,36020,2,"[0,30)",3,1,233,0,0
36,36020,2,"[0,30)",3,2,411,0,0
36,36020,2,"[30,40)",1,1,356,0,0
36,36020,2,"[30,40)",1,2,585,0,0
36,36020,2,"[30,40)",3,1,350,0,0
36,36020,2,"[30,40)",3,2,619,0,0
36,36020,2,"[40,50)",1,1,259,0,0
36,36020,2,"[40,50)",1,2,502,0,0
36,36020,2,"[40,50)",3,1,276,0,0
36,36020,2,"[40,50)",3,2,467,0,0
36,36020,2,"[50,60)",1,1,194,0,0
36,36020,2,"[50,60)",1,2,298,0,0
36,36020,2,"[50,60)",3,1,164,0,0
36,36020,2,"[50,60)",3,2,319,0,0
36,36020,2,"[60,83]",1,1,717,0,0
36,36020,2,"[60,83]",1,2,1266,0,0
36,36020,2,"[60,83]",3,1,705,0,0
36,36020,2,"[60,83]",3,2,1187,0,0
37,37012,1,"[0,30)",1,1,90,0,0
37,37012,1,"[0,30)",1,2,148,0,0
37,37012,1,"[30,40)",1,1,160,0,0
37,37012,1,"[30,40)",1,2,213,0,0
37,37012,1,"[40,50)",1,1,106,0,0
37,37012,1,"[40,50)",1,2,165,0,0
37,37012,1,"[50,60)",1,1,77,0,0
37,37012,1,"[50,60)",1,2,113,0,0
37,37012,1,"[60,83]",1,1,267,0,0
37,37012,1,"[60,83]",1,2,496,0,0
37,37012,2,"[0,30)",1,1,29,0,0
37,37012,2,"[0,30)",1,2,56,0,0
37,37012,2,"[30,40)",1,1,47,0,1
37,37012,2,"[30,40)",1,2,66,0,0
37,37012,2,"[40,50)",1,1,30,0,0
37,37012,2,"[40,50)",1,2,62,0,1
37,37012,2,"[50,60)",1,1,30,0,0
37,37012,2,"[50,60)",1,2,43,0,0
37,37012,2,"[60,83]",1,1,96,0,0
37,37012,2,"[60,83]",1,2,152,0,0
37,37030,1,"[0,30)",1,1,100,0,0
37,37030,1,"[0,30)",1,2,148,0,0
37,37030,1,"[30,40)",1,1,140,0,0
37,37030,1,"[30,40)",1,2,249,0,0
37,37030,1,"[40,50)",1,1,112,0,0
37,37030,1,"[40,50)",1,2,163,0,0
37,37030,1,"[50,60)",1,1,69,0,0
37,37030,1,"[50,60)",1,2,123,0,0
37,37030,1,"[60,83]",1,1,278,0,0
37,37030,1,"[60,83]",1,2,493,0,0
37,37030,2,"[0,30)",1,1,34,0,0
37,37030,2,"[0,30)",1,2,51,0,0
37,37030,2,"[30,40)",1,1,45,0,0
37,37030,2,"[30,40)",1,2,90,0,0
37,37030,2,"[40,50)",1,1,41,0,0
37,37030,2,"[40,50)",1,2,69,0,0
37,37030,2,"[50,60)",1,1,21,0,0
37,37030,2,"[50,60)",1,2,53,0,0
37,37030,2,"[60,83]",1,1,83,0,0
37,37030,2,"[60,83]",1,2,173,0,0
37,37040,1,"[0,30)",1,1,84,0,0
37,37040,1,"[0,30)",1,2,141,0,0
37,37040,1,"[30,40)",1,1,148,0,0
37,37040,1,"[30,40)",1,2,262,0,0
37,37040,1,"[40,50)",1,1,99,0,0
37,37040,1,"[40,50)",1,2,203,0,0
37,37040,1,"[50,60)",1,1,68,0,0
37,37040,1,"[50,60)",1,2,135,0,0
37,37040,1,"[60,83]",1,1,306,0,0
37,37040,1,"[60,83]",1,2,500,0,0
37,37040,2,"[0,30)",1,1,32,0,0
37,37040,2,"[0,30)",1,2,45,0,0
37,37040,2,"[30,40)",1,1,55,0,0
37,37040,2,"[30,40)",1,2,67,0,0
37,37040,2,"[40,50)",1,1,37,0,0
37,37040,2,"[40,50)",1,2,70,0,0
37,37040,2,"[50,60)",1,1,18,0,0
37,37040,2,"[50,60)",1,2,57,0,0
37,37040,2,"[60,83]",1,1,106,0,0
37,37040,2,"[60,83]",1,2,144,0,0
37,37050,1,"[0,30)",2,1,101,0,0
37,37050,1,"[0,30)",2,2,150,0,0
37,37050,1,"[30,40)",2,1,122,0,0
37,37050,1,"[30,40)",2,2,265,0,0
37,37050,1,"[40,50)",2,1,126,0,0
37,37050,1,"[40,50)",2,2,197,0,0
37,37050,1,"[50,60)",2,1,66,0,0
37,37050,1,"[50,60)",2,2,101,0,0
37,37050,1,"[60,83]",2,1,296,0,0
37,37050,1,"[60,83]",2,2,486,0,0
37,37050,2,"[0,30)",2,1,30,0,0
37,37050,2,"[0,30)",2,2,73,0,0
37,37050,2,"[30,40)",2,1,48,0,1
37,37050,2,"[30,40)",2,2,80,0,0
37,37050,2,"[40,50)",2,1,38,0,0
37,37050,2,"[40,50)",2,2,58,0,1
37,37050,2,"[50,60)",2,1,28,0,0
37,37050,2,"[50,60)",2,2,27,0,0
37,37050,2,"[60,83]",2,1,92,0,0
37,37050,2,"[60,83]",2,2,140,0,0
37,37080,1,"[0,30)",1,1,84,0,0
37,37080,1,"[0,30)",1,2,143,0,0
37,37080,1,"[30,40)",1,1,131,0,0
37,37080,1,"[30,40)",1,2,232,0,0
37,37080,1,"[40,50)",1,1,89,0,0
37,37080,1,"[40,50)",1,2,181,0,0
37,37080,1,"[50,60)",1,1,75,0,0
37,37080,1,"[50,60)",1,2,128,0,0
37,37080,1,"[60,83]",1,1,278,0,0
37,37080,1,"[60,83]",1,2,466,0,0
37,37080,2,"[0,30)",1,1,35,0,0
37,37080,2,"[0,30)",1,2,60,0,0
37,37080,2,"[30,40)",1,1,54,0,0
37,37080,2,"[30,40)",1,2,73,0,0
37,37080,2,"[40,50)",1,1,30,0,0
37,37080,2,"[40,50)",1,2,54,0,0
37,37080,2,"[50,60)",1,1,35,0,0
37,37080,2,"[50,60)",1,2,56,0,0
37,37080,2,"[60,83]",1,1,76,0,1
37,37080,2,"[60,83]",1,2,187,0,0
38,38060,1,"[0,30)",1,1,111,0,0
38,38060,1,"[0,30)",1,2,212,0,0
38,38060,1,"[30,40)",1,1,170,0,0
38,38060,1,"[30,40)",1,2,302,0,0
38,38060,1,"[40,50)",1,1,139,0,0
38,38060,1,"[40,50)",1,2,204,0,0
38,38060,1,"[50,60)",1,1,93,0,0
38,38060,1,"[50,60)",1,2,142,0,0
38,38060,1,"[60,83]",1,1,353,0,0
38,38060,1,"[60,83]",1,2,611,0,0
38,38060,2,"[0,30)",1,1,32,0,0
38,38060,2,"[0,30)",1,2,60,0,0
38,38060,2,"[30,40)",1,1,55,0,0
38,38060,2,"[30,40)",1,2,105,0,0
38,38060,2,"[40,50)",1,1,56,0,0
38,38060,2,"[40,50)",1,2,83,0,0
38,38060,2,"[50,60)",1,1,26,0,1
38,38060,2,"[50,60)",1,2,57,0,1
38,38060,2,"[60,83]",1,1,107,0,0
38,38060,2,"[60,83]",1,2,190,0,0
38,38070,1,"[0,30)",1,1,116,0,0
38,38070,1,"[0,30)",1,2,181,0,0
38,38070,1,"[30,40)",1,1,149,0,0
38,38070,1,"[30,40)",1,2,267,0,0
38,38070,1,"[40,50)",1,1,130,0,0
38,38070,1,"[40,50)",1,2,233,0,0
38,38070,1,"[50,60)",1,1,76,0,0
38,38070,1,"[50,60)",1,2,149,0,0
38,38070,1,"[60,83]",1,1,311,0,0
38,38070,1,"[60,83]",1,2,591,0,0
38,38070,2,"[0,30)",1,1,28,0,0
38,38070,2,"[0,30)",1,2,52,0,0
38,38070,2,"[30,40)",1,1,74,0,0
38,38070,2,"[30,40)",1,2,112,0,0
38,38070,2,"[40,50)",1,1,52,0,0
38,38070,2,"[40,50)",1,2,81,0,0
38,38070,2,"[50,60)",1,1,28,0,0
38,38070,2,"[50,60)",1,2,45,0,0
38,38070,2,"[60,83]",1,1,118,0,0
38,38070,2,"[60,83]",1,2,182,0,0
38,38090,1,"[0,30)",1,1,114,0,0
38,38090,1,"[0,30)",1,2,200,0,0
38,38090,1,"[30,40)",1,1,181,0,0
38,38090,1,"[30,40)",1,2,297,0,0
38,38090,1,"[40,50)",1,1,116,0,0
38,38090,1,"[40,50)",1,2,231,0,0
38,38090,1,"[50,60)",1,1,72,0,0
38,38090,1,"[50,60)",1,2,156,0,0
38,38090,1,"[60,83]",1,1,353,0,0
38,38090,1,"[60,83]",1,2,576,0,0
38,38090,2,"[0,30)",1,1,26,0,0
38,38090,2,"[0,30)",1,2,71,0,0
38,38090,2,"[30,40)",1,1,61,0,0
38,38090,2,"[30,40)",1,2,97,0,0
38,38090,2,"[40,50)",1,1,52,0,1
38,38090,2,"[40,50)",1,2,81,0,0
38,38090,2,"[50,60)",1,1,37,0,0
38,38090,2,"[50,60)",1,2,42,0,1
38,38090,2,"[60,83]",1,1,113,0,0
38,38090,2,"[60,83]",1,2,210,0,0
38,38100,1,"[0,30)",2,1,116,0,0
38,38100,1,"[0,30)",2,2,193,0,0
38,38100,1,"[30,40)",2,1,160,0,0
38,38100,1,"[30,40)",2,2,315,0,0
38,38100,1,"[40,50)",2,1,113,0,0
38,38100,1,"[40,50)",2,2,241,0,0
38,38100,1,"[50,60)",2,1,98,0,0
38,38100,1,"[50,60)",2,2,172,0,0
38,38100,1,"[60,83]",2,1,337,0,0
38,38100,1,"[60,83]",2,2,589,0,0
38,38100,2,"[0,30)",2,1,34,0,0
38,38100,2,"[0,30)",2,2,72,0,0
38,38100,2,"[30,40)",2,1,58,0,0
38,38100,2,"[30,40)",2,2,81,0,0
38,38100,2,"[40,50)",2,1,48,0,0
38,38100,2,"[40,50)",2,2,72,0,0
38,38100,2,"[50,60)",2,1,34,0,0
38,38100,2,"[50,60)",2,2,63,0,0
38,38100,2,"[60,83]",2,1,115,0,0
38,38100,2,"[60,83]",2,2,211,0,0
38,38111,1,"[0,30)",1,1,116,0,0
38,38111,1,"[0,30)",1,2,204,0,0
38,38111,1,"[30,40)",1,1,181,0,0
38,38111,1,"[30,40)",1,2,274,0,0
38,38111,1,"[40,50)",1,1,105,0,0
38,38111,1,"[40,50)",1,2,212,0,0
38,38111,1,"[50,60)",1,1,82,0,0
38,38111,1,"[50,60)",1,2,144,0,0
38,38111,1,"[60,83]",1,1,378,0,0
38,38111,1,"[60,83]",1,2,617,0,0
38,38111,2,"[0,30)",1,1,43,0,0
38,38111,2,"[0,30)",1,2,68,0,0
38,38111,2,"[30,40)",1,1,59,0,0
38,38111,2,"[30,40)",1,2,102,0,0
38,38111,2,"[40,50)",1,1,47,1,0
38,38111,2,"[40,50)",1,2,87,0,0
38,38111,2,"[50,60)",1,1,27,0,0
38,38111,2,"[50,60)",1,2,54,0,0
38,38111,2,"[60,83]",1,1,117,0,0
38,38111,2,"[60,83]",1,2,192,0,0
38,38310,1,"[0,30)",2,1,92,0,0
38,38310,1,"[0,30)",2,2,176,0,0
38,38310,1,"[30,40)",2,1,189,0,0
38,38310,1,"[30,40)",2,2,284,0,0
38,38310,1,"[40,50)",2,1,128,0,0
38,38310,1,"[40,50)",2,2,227,0,0
38,38310,1,"[50,60)",2,1,102,0,0
38,38310,1,"[50,60)",2,2,142,0,0
38,38310,1,"[60,83]",2,1,339,0,0
38,38310,1,"[60,83]",2,2,613,0,0
38,38310,2,"[0,30)",2,1,42,0,0
38,38310,2,"[0,30)",2,2,79,0,0
38,38310,2,"[30,40)",2,1,60,1,0
38,38310,2,"[30,40)",2,2,91,0,0
38,38310,2,"[40,50)",2,1,40,0,0
38,38310,2,"[40,50)",2,2,74,0,0
38,38310,2,"[50,60)",2,1,42,0,1
38,38310,2,"[50,60)",2,2,46,0,0
38,38310,2,"[60,83]",2,1,122,0,0
38,38310,2,"[60,83]",2,2,218,0,0
38,38380,1,"[0,30)",2,1,107,0,0
38,38380,1,"[0,30)",2,2,183,0,0
38,38380,1,"[30,40)",2,1,169,0,0
38,38380,1,"[30,40)",2,2,268,0,0
38,38380,1,"[40,50)",2,1,120,0,0
38,38380,1,"[40,50)",2,2,210,0,0
38,38380,1,"[50,60)",2,1,79,0,0
38,38380,1,"[50,60)",2,2,144,0,0
38,38380,1,"[60,83]",2,1,365,0,0
38,38380,1,"[60,83]",2,2,594,0,0
38,38380,2,"[0,30)",2,1,36,0,0
38,38380,2,"[0,30)",2,2,71,0,0
38,38380,2,"[30,40)",2,1,73,0,0
38,38380,2,"[30,40)",2,2,104,0,0
38,38380,2,"[40,50)",2,1,36,0,0
38,38380,2,"[40,50)",2,2,74,0,0
38,38380,2,"[50,60)",2,1,14,0,1
38,38380,2,"[50,60)",2,2,59,0,0
38,38380,2,"[60,83]",2,1,119,0,0
38,38380,2,"[60,83]",2,2,195,0,0
39,39010,1,"[0,30)",1,1,1779,0,0
39,39010,1,"[0,30)",1,2,2930,0,0
39,39010,1,"[30,40)",1,1,2721,0,0
39,39010,1,"[30,40)",1,2,4756,0,0
39,39010,1,"[40,50)",1,1,2178,0,0
39,39010,1,"[40,50)",1,2,3651,0,0
39,39010,1,"[50,60)",1,1,1400,0,0
39,39010,1,"[50,60)",1,2,2363,0,0
39,39010,1,"[60,83]",1,1,5658,0,0
39,39010,1,"[60,83]",1,2,9580,0,0
39,39010,2,"[0,30)",1,1,583,0,0
39,39010,2,"[0,30)",1,2,1033,0,0
39,39010,2,"[30,40)",1,1,971,0,0
39,39010,2,"[30,40)",1,2,1582,0,0
39,39010,2,"[40,50)",1,1,709,0,0
39,39010,2,"[40,50)",1,2,1250,0,0
39,39010,2,"[50,60)",1,1,482,0,0
39,39010,2,"[50,60)",1,2,814,0,0
39,39010,2,"[60,83]",1,1,1916,0,0
39,39010,2,"[60,83]",1,2,3291,0,0
